Project,subject_id,Hemisphere,Surface Type,Hausdorff Distance,ASSD,Chamfer Distance,Self-Intersection C_mwrm,Total Triangles C_mwrm,Colored CA VTK Path
deepcsr,208428,lh,pial,13.914263131003441,1.5506407545851282,3.1012815091702564,0,244802,deepcsr_208428_CA_lh_pial_distanceMesh.vtk
deepcsr,209834,lh,pial,14.497083692933582,1.4804752161869374,2.960950432373875,0,257657,deepcsr_209834_CA_lh_pial_distanceMesh.vtk
deepcsr,203721,lh,pial,14.822134326337594,1.6219767448895475,3.243953489779095,0,264504,deepcsr_203721_CA_lh_pial_distanceMesh.vtk
deepcsr,200008,lh,pial,13.216385029759127,1.4879848599285457,2.9759697198570914,0,282170,deepcsr_200008_CA_lh_pial_distanceMesh.vtk
deepcsr,200917,lh,pial,18.731879857025017,1.414923342891166,2.829846685782332,0,292772,deepcsr_200917_CA_lh_pial_distanceMesh.vtk
deepcsr,207628,lh,pial,12.811305504641131,1.4023415634801175,2.804683126960235,0,296023,deepcsr_207628_CA_lh_pial_distanceMesh.vtk
deepcsr,204521,lh,pial,9.754704029962808,1.0304949974652806,2.0609899949305612,0,298882,deepcsr_204521_CA_lh_pial_distanceMesh.vtk
deepcsr,203923,lh,pial,12.639193046716384,1.4066924056767545,2.813384811353509,0,298106,deepcsr_203923_CA_lh_pial_distanceMesh.vtk
deepcsr,207426,lh,pial,13.016316654205015,1.3307659505252896,2.661531901050579,0,297244,deepcsr_207426_CA_lh_pial_distanceMesh.vtk
deepcsr,201717,lh,pial,12.006847115329991,1.2523570574391332,2.5047141148782663,0,305259,deepcsr_201717_CA_lh_pial_distanceMesh.vtk
deepcsr,209329,lh,pial,13.641919191816179,1.320872179080975,2.64174435816195,0,300673,deepcsr_209329_CA_lh_pial_distanceMesh.vtk
deepcsr,209127,lh,pial,14.739692226444552,1.2797821974646344,2.559564394929269,0,306226,deepcsr_209127_CA_lh_pial_distanceMesh.vtk
deepcsr,201111,lh,pial,10.541585056838763,1.0419219598023064,2.083843919604613,0,313715,deepcsr_201111_CA_lh_pial_distanceMesh.vtk
deepcsr,204420,lh,pial,11.335860283370966,1.0562196523077025,2.112439304615405,0,315713,deepcsr_204420_CA_lh_pial_distanceMesh.vtk
deepcsr,201818,lh,pial,10.379215451975373,1.0819447075612614,2.1638894151225228,0,320096,deepcsr_201818_CA_lh_pial_distanceMesh.vtk
deepcsr,205119,lh,pial,14.549270416083331,1.2912935165924906,2.582587033184981,0,312646,deepcsr_205119_CA_lh_pial_distanceMesh.vtk
deepcsr,205220,lh,pial,10.66975546142999,1.066827259437131,2.133654518874262,0,321199,deepcsr_205220_CA_lh_pial_distanceMesh.vtk
deepcsr,208024,lh,pial,10.713256915862154,1.0454582517171616,2.090916503434323,0,316335,deepcsr_208024_CA_lh_pial_distanceMesh.vtk
deepcsr,200109,lh,pial,11.353781781297466,1.1748889022235982,2.3497778044471964,0,318708,deepcsr_200109_CA_lh_pial_distanceMesh.vtk
deepcsr,202113,lh,pial,12.877877085285357,1.1985486967669792,2.3970973935339583,0,330460,deepcsr_202113_CA_lh_pial_distanceMesh.vtk
deepcsr,206222,lh,pial,12.68618821870891,1.2091643826264924,2.418328765252985,0,331886,deepcsr_206222_CA_lh_pial_distanceMesh.vtk
deepcsr,200614,lh,pial,11.773524080442002,1.135291063561494,2.270582127122988,0,335910,deepcsr_200614_CA_lh_pial_distanceMesh.vtk
deepcsr,204319,lh,pial,12.294987165757634,1.264392288072211,2.528784576144422,0,338081,deepcsr_204319_CA_lh_pial_distanceMesh.vtk
deepcsr,209228,lh,pial,12.48832174365025,1.0675551976998459,2.1351103953996917,0,335987,deepcsr_209228_CA_lh_pial_distanceMesh.vtk
deepcsr,201515,lh,pial,13.552331431885898,1.2372341440775831,2.4744682881551663,0,346067,deepcsr_201515_CA_lh_pial_distanceMesh.vtk
deepcsr,208226,lh,pial,9.935116810942402,0.9849878510100134,1.9699757020200268,0,342113,deepcsr_208226_CA_lh_pial_distanceMesh.vtk
deepcsr,203418,lh,pial,9.972672057190191,0.9192062870619033,1.8384125741238067,0,355975,deepcsr_203418_CA_lh_pial_distanceMesh.vtk
deepcsr,205826,lh,pial,11.021062811958725,1.0409833606068066,2.0819667212136133,0,353031,deepcsr_205826_CA_lh_pial_distanceMesh.vtk
deepcsr,208125,lh,pial,9.960095182149452,0.9437087682115981,1.8874175364231962,0,358790,deepcsr_208125_CA_lh_pial_distanceMesh.vtk
deepcsr,200311,lh,pial,9.53629164137056,0.9532522625055662,1.9065045250111323,0,361833,deepcsr_200311_CA_lh_pial_distanceMesh.vtk
deepcsr,204016,lh,pial,10.358109889072551,0.9871955006597568,1.9743910013195136,0,363082,deepcsr_204016_CA_lh_pial_distanceMesh.vtk
deepcsr,204622,lh,pial,10.608328830772917,0.9396696243788502,1.8793392487577003,0,363325,deepcsr_204622_CA_lh_pial_distanceMesh.vtk
deepcsr,201414,lh,pial,8.979254508049078,0.9384766584277837,1.8769533168555674,0,365996,deepcsr_201414_CA_lh_pial_distanceMesh.vtk
deepcsr,202719,lh,pial,11.041727244706552,0.9932763365821281,1.9865526731642562,0,365596,deepcsr_202719_CA_lh_pial_distanceMesh.vtk
deepcsr,205725,lh,pial,8.53168099192657,0.8433461874353685,1.686692374870737,0,365728,deepcsr_205725_CA_lh_pial_distanceMesh.vtk
deepcsr,207123,lh,pial,12.41169303048601,1.0430098400652714,2.086019680130543,0,366722,deepcsr_207123_CA_lh_pial_distanceMesh.vtk
deepcsr,209935,lh,pial,10.195270041880459,0.9925177759174078,1.9850355518348155,0,366457,deepcsr_209935_CA_lh_pial_distanceMesh.vtk
deepcsr,200210,lh,pial,11.765476893560695,1.0870071502293912,2.1740143004587824,0,371271,deepcsr_200210_CA_lh_pial_distanceMesh.vtk
deepcsr,210011,lh,pial,8.686711826225656,0.8236993162119846,1.6473986324239691,0,394754,deepcsr_210011_CA_lh_pial_distanceMesh.vtk
deepcsr,208327,lh,pial,10.21673955936576,0.8851294830749561,1.7702589661499122,0,409499,deepcsr_208327_CA_lh_pial_distanceMesh.vtk
deepcsr,208428,lh,white,6.614935713362741,0.5358009262006808,1.0716018524013615,0,352580,deepcsr_208428_CA_lh_white_distanceMesh.vtk
deepcsr,204521,lh,white,4.904104087512004,0.5108645945501029,1.0217291891002058,0,352754,deepcsr_204521_CA_lh_white_distanceMesh.vtk
deepcsr,209834,lh,white,6.156175929405072,0.4997037962632335,0.999407592526467,0,392290,deepcsr_209834_CA_lh_white_distanceMesh.vtk
deepcsr,203721,lh,white,5.04133863636108,0.4588176363449252,0.9176352726898503,0,390219,deepcsr_203721_CA_lh_white_distanceMesh.vtk
deepcsr,201111,lh,white,6.46335255253985,0.5419794290051537,1.0839588580103074,0,367418,deepcsr_201111_CA_lh_white_distanceMesh.vtk
deepcsr,200917,lh,white,9.67825700896132,0.5739586466689157,1.1479172933378314,0,382602,deepcsr_200917_CA_lh_white_distanceMesh.vtk
deepcsr,204420,lh,white,6.179594299973984,0.48282434351299175,0.9656486870259835,0,365214,deepcsr_204420_CA_lh_white_distanceMesh.vtk
deepcsr,207426,lh,white,8.34706901678466,0.49351515336651075,0.9870303067330215,0,370989,deepcsr_207426_CA_lh_white_distanceMesh.vtk
deepcsr,200008,lh,white,5.780186546510971,0.488883959639119,0.977767919278238,0,398322,deepcsr_200008_CA_lh_white_distanceMesh.vtk
deepcsr,201818,lh,white,7.925674741140505,0.4679397348561052,0.9358794697122104,0,376891,deepcsr_201818_CA_lh_white_distanceMesh.vtk
deepcsr,205119,lh,white,10.139060184159252,0.6757419794898161,1.3514839589796321,0,367226,deepcsr_205119_CA_lh_white_distanceMesh.vtk
deepcsr,208024,lh,white,6.018473384220166,0.4931369308828808,0.9862738617657616,0,365247,deepcsr_208024_CA_lh_white_distanceMesh.vtk
deepcsr,207628,lh,white,6.279875472934964,0.5268875421067439,1.0537750842134879,0,402040,deepcsr_207628_CA_lh_white_distanceMesh.vtk
deepcsr,209127,lh,white,6.117105300374015,0.47507979673970535,0.9501595934794107,0,386872,deepcsr_209127_CA_lh_white_distanceMesh.vtk
deepcsr,209329,lh,white,7.492056795292499,0.49099768634668783,0.9819953726933757,0,389015,deepcsr_209329_CA_lh_white_distanceMesh.vtk
deepcsr,201717,lh,white,7.245809371520298,0.552085272800434,1.104170545600868,0,400740,deepcsr_201717_CA_lh_white_distanceMesh.vtk
deepcsr,205220,lh,white,4.796659054627575,0.46881133915573425,0.9376226783114685,0,390343,deepcsr_205220_CA_lh_white_distanceMesh.vtk
deepcsr,203923,lh,white,6.10289814206075,0.5117518442439013,1.0235036884878026,0,399829,deepcsr_203923_CA_lh_white_distanceMesh.vtk
deepcsr,209228,lh,white,6.3499568925091125,0.5285107115931504,1.0570214231863009,0,377996,deepcsr_209228_CA_lh_white_distanceMesh.vtk
deepcsr,205826,lh,white,12.43782178940863,0.631061791625408,1.262123583250816,0,364863,deepcsr_205826_CA_lh_white_distanceMesh.vtk
deepcsr,200614,lh,white,5.999235632542117,0.490617636563049,0.981235273126098,0,395024,deepcsr_200614_CA_lh_white_distanceMesh.vtk
deepcsr,205725,lh,white,5.103072417262337,0.47906098972387107,0.9581219794477421,0,360915,deepcsr_205725_CA_lh_white_distanceMesh.vtk
deepcsr,208226,lh,white,5.547753061299947,0.4691118606829513,0.9382237213659026,0,382686,deepcsr_208226_CA_lh_white_distanceMesh.vtk
deepcsr,206222,lh,white,6.480434285641428,0.4884307104186336,0.9768614208372672,0,405186,deepcsr_206222_CA_lh_white_distanceMesh.vtk
deepcsr,203418,lh,white,5.500278480730578,0.47887477670125456,0.9577495534025091,0,381746,deepcsr_203418_CA_lh_white_distanceMesh.vtk
deepcsr,200109,lh,white,7.026343710596664,0.5141469651140163,1.0282939302280325,0,410066,deepcsr_200109_CA_lh_white_distanceMesh.vtk
deepcsr,200311,lh,white,6.461174989983201,0.5059982892567871,1.0119965785135743,0,375435,deepcsr_200311_CA_lh_white_distanceMesh.vtk
deepcsr,209935,lh,white,7.694132027486296,0.5771481949131804,1.1542963898263607,0,369135,deepcsr_209935_CA_lh_white_distanceMesh.vtk
deepcsr,201414,lh,white,5.997697291981463,0.5098618404330386,1.0197236808660772,0,376385,deepcsr_201414_CA_lh_white_distanceMesh.vtk
deepcsr,201515,lh,white,11.417947294471343,0.5668995682566338,1.1337991365132676,0,412043,deepcsr_201515_CA_lh_white_distanceMesh.vtk
deepcsr,208125,lh,white,9.053367757871062,0.5053948788223538,1.0107897576447076,0,390924,deepcsr_208125_CA_lh_white_distanceMesh.vtk
deepcsr,204622,lh,white,8.587108600574403,0.5253072785921256,1.0506145571842511,0,386579,deepcsr_204622_CA_lh_white_distanceMesh.vtk
deepcsr,204319,lh,white,6.864991025693438,0.5063557454544081,1.0127114909088162,0,425407,deepcsr_204319_CA_lh_white_distanceMesh.vtk
deepcsr,207123,lh,white,9.328802724830938,0.596867753992571,1.193735507985142,0,385415,deepcsr_207123_CA_lh_white_distanceMesh.vtk
deepcsr,202113,lh,white,5.346555800828895,0.4574928638475221,0.9149857276950442,0,426918,deepcsr_202113_CA_lh_white_distanceMesh.vtk
deepcsr,202719,lh,white,7.1480419783458125,0.5152440798657139,1.0304881597314277,0,395906,deepcsr_202719_CA_lh_white_distanceMesh.vtk
deepcsr,204016,lh,white,6.337028606022362,0.48097103605842195,0.9619420721168439,0,412106,deepcsr_204016_CA_lh_white_distanceMesh.vtk
deepcsr,200210,lh,white,10.212613445489053,0.5428454786643084,1.0856909573286169,0,409662,deepcsr_200210_CA_lh_white_distanceMesh.vtk
deepcsr,210011,lh,white,6.603977394738831,0.5633512784222641,1.1267025568445281,0,395127,deepcsr_210011_CA_lh_white_distanceMesh.vtk
deepcsr,208327,lh,white,6.697828901278426,0.5331279107144651,1.0662558214289302,0,421776,deepcsr_208327_CA_lh_white_distanceMesh.vtk
deepcsr,208428,rh,pial,12.828466066523967,1.4506292200328297,2.9012584400656594,0,244008,deepcsr_208428_CA_rh_pial_distanceMesh.vtk
deepcsr,209834,rh,pial,16.74926141643238,1.5032460121451918,3.0064920242903836,0,252152,deepcsr_209834_CA_rh_pial_distanceMesh.vtk
deepcsr,203721,rh,pial,17.500045114658942,1.5777426288179308,3.1554852576358616,0,276296,deepcsr_203721_CA_rh_pial_distanceMesh.vtk
deepcsr,200008,rh,pial,14.591221430521411,1.6130590495100798,3.2261180990201597,0,264173,deepcsr_200008_CA_rh_pial_distanceMesh.vtk
deepcsr,204521,rh,pial,12.136709917107964,1.1479722725469181,2.2959445450938363,0,297752,deepcsr_204521_CA_rh_pial_distanceMesh.vtk
deepcsr,207426,rh,pial,13.291973937178494,1.383840636112088,2.767681272224176,0,286798,deepcsr_207426_CA_rh_pial_distanceMesh.vtk
deepcsr,200917,rh,pial,12.950776597326499,1.2858835287045294,2.5717670574090588,0,301493,deepcsr_200917_CA_rh_pial_distanceMesh.vtk
deepcsr,207628,rh,pial,13.078222388575472,1.3462430757772734,2.692486151554547,0,294582,deepcsr_207628_CA_rh_pial_distanceMesh.vtk
deepcsr,201111,rh,pial,10.530025504540756,1.0948335750926756,2.1896671501853513,0,315281,deepcsr_201111_CA_rh_pial_distanceMesh.vtk
deepcsr,204420,rh,pial,10.26255577612973,1.1080615268331506,2.2161230536663012,0,312716,deepcsr_204420_CA_rh_pial_distanceMesh.vtk
deepcsr,205119,rh,pial,12.74622508393936,1.3373088890610187,2.6746177781220375,0,299627,deepcsr_205119_CA_rh_pial_distanceMesh.vtk
deepcsr,201818,rh,pial,11.636869062225246,1.2336248668090524,2.4672497336181047,0,312200,deepcsr_201818_CA_rh_pial_distanceMesh.vtk
deepcsr,208024,rh,pial,10.8817366793338,1.1195974403401325,2.239194880680265,0,307010,deepcsr_208024_CA_rh_pial_distanceMesh.vtk
deepcsr,205220,rh,pial,12.592687633456558,1.2564893888350661,2.5129787776701322,0,297912,deepcsr_205220_CA_rh_pial_distanceMesh.vtk
deepcsr,209329,rh,pial,11.617408794314542,1.2133137731679378,2.4266275463358755,0,304194,deepcsr_209329_CA_rh_pial_distanceMesh.vtk
deepcsr,209127,rh,pial,12.759101953006217,1.2308290787777718,2.4616581575555436,0,315430,deepcsr_209127_CA_rh_pial_distanceMesh.vtk
deepcsr,201717,rh,pial,14.711047385429627,1.3011577865019066,2.602315573003813,1,312653,deepcsr_201717_CA_rh_pial_distanceMesh.vtk
deepcsr,200109,rh,pial,11.60033241695418,1.3686433260606594,2.737286652121319,0,290121,deepcsr_200109_CA_rh_pial_distanceMesh.vtk
deepcsr,203923,rh,pial,12.027685314303653,1.2814240475391452,2.5628480950782904,0,320674,deepcsr_203923_CA_rh_pial_distanceMesh.vtk
deepcsr,205725,rh,pial,10.557911352469725,1.0148653758060544,2.029730751612109,0,316768,deepcsr_205725_CA_rh_pial_distanceMesh.vtk
deepcsr,200614,rh,pial,12.775391193674757,1.2694710869932084,2.538942173986417,0,326429,deepcsr_200614_CA_rh_pial_distanceMesh.vtk
deepcsr,203418,rh,pial,11.004568553400002,1.065503024955449,2.131006049910898,0,326955,deepcsr_203418_CA_rh_pial_distanceMesh.vtk
deepcsr,208226,rh,pial,10.809898169964695,1.0659596048336446,2.131919209667289,0,328830,deepcsr_208226_CA_rh_pial_distanceMesh.vtk
deepcsr,200311,rh,pial,15.239598619047745,1.2037513349188553,2.4075026698377107,0,323942,deepcsr_200311_CA_rh_pial_distanceMesh.vtk
deepcsr,205826,rh,pial,11.059499508183748,1.1102604913378769,2.2205209826757537,0,336111,deepcsr_205826_CA_rh_pial_distanceMesh.vtk
deepcsr,209228,rh,pial,11.935678007093085,1.087015964469437,2.174031928938874,0,345940,deepcsr_209228_CA_rh_pial_distanceMesh.vtk
deepcsr,206222,rh,pial,11.18422459778465,1.181097577361403,2.362195154722806,0,344372,deepcsr_206222_CA_rh_pial_distanceMesh.vtk
deepcsr,208125,rh,pial,11.897925044416521,1.1148149946271033,2.2296299892542066,0,335371,deepcsr_208125_CA_rh_pial_distanceMesh.vtk
deepcsr,201515,rh,pial,11.969241239408012,1.1429743308134668,2.2859486616269336,0,346627,deepcsr_201515_CA_rh_pial_distanceMesh.vtk
deepcsr,209935,rh,pial,12.865424422982576,1.0825721132779744,2.165144226555949,0,351914,deepcsr_209935_CA_rh_pial_distanceMesh.vtk
deepcsr,202113,rh,pial,12.84213277488591,1.1831287310508098,2.3662574621016197,0,341617,deepcsr_202113_CA_rh_pial_distanceMesh.vtk
deepcsr,204319,rh,pial,13.709195420456325,1.1735362874959316,2.3470725749918633,0,351863,deepcsr_204319_CA_rh_pial_distanceMesh.vtk
deepcsr,202719,rh,pial,10.993984068103378,1.0636263987964383,2.1272527975928766,0,349339,deepcsr_202719_CA_rh_pial_distanceMesh.vtk
deepcsr,201414,rh,pial,9.946876244105955,0.9525941768874087,1.9051883537748173,0,368949,deepcsr_201414_CA_rh_pial_distanceMesh.vtk
deepcsr,204016,rh,pial,12.006147616078554,1.1546194828272058,2.3092389656544117,0,341284,deepcsr_204016_CA_rh_pial_distanceMesh.vtk
deepcsr,200210,rh,pial,12.238974782648539,1.2610404680266953,2.5220809360533907,0,350711,deepcsr_200210_CA_rh_pial_distanceMesh.vtk
deepcsr,204622,rh,pial,8.890375409165696,0.877880948081094,1.755761896162188,0,378552,deepcsr_204622_CA_rh_pial_distanceMesh.vtk
deepcsr,210011,rh,pial,11.252144318128328,0.9269299520340628,1.8538599040681256,0,358595,deepcsr_210011_CA_rh_pial_distanceMesh.vtk
deepcsr,207123,rh,pial,11.348136302848575,0.905961211691956,1.811922423383912,0,402363,deepcsr_207123_CA_rh_pial_distanceMesh.vtk
deepcsr,208428,rh,white,8.612395450655027,0.5333692914449895,1.066738582889979,0,349102,deepcsr_208428_CA_rh_white_distanceMesh.vtk
deepcsr,208327,rh,pial,11.133146572576802,0.9900677893454397,1.9801355786908794,0,408837,deepcsr_208327_CA_rh_pial_distanceMesh.vtk
deepcsr,209834,rh,white,9.214201076785109,0.47694592869639435,0.9538918573927887,0,394614,deepcsr_209834_CA_rh_white_distanceMesh.vtk
deepcsr,204521,rh,white,6.171619072356315,0.4873286706208163,0.9746573412416326,0,363755,deepcsr_204521_CA_rh_white_distanceMesh.vtk
deepcsr,203721,rh,white,6.427595798457755,0.4673762914280166,0.9347525828560332,0,403531,deepcsr_203721_CA_rh_white_distanceMesh.vtk
deepcsr,207426,rh,white,7.593306773464728,0.4810141636331065,0.962028327266213,0,372935,deepcsr_207426_CA_rh_white_distanceMesh.vtk
deepcsr,201111,rh,white,6.2207536382633375,0.5126260951465909,1.0252521902931817,0,373134,deepcsr_201111_CA_rh_white_distanceMesh.vtk
deepcsr,200008,rh,white,5.964671775362506,0.4641366994558108,0.9282733989116216,0,414466,deepcsr_200008_CA_rh_white_distanceMesh.vtk
deepcsr,205119,rh,white,9.266596322346931,0.6188472242396628,1.2376944484793255,1,365847,deepcsr_205119_CA_rh_white_distanceMesh.vtk
deepcsr,204420,rh,white,5.862643471993924,0.45709504464653805,0.9141900892930761,0,379968,deepcsr_204420_CA_rh_white_distanceMesh.vtk
deepcsr,208024,rh,white,5.302310375859927,0.46285013156002475,0.9257002631200495,0,369827,deepcsr_208024_CA_rh_white_distanceMesh.vtk
deepcsr,201818,rh,white,5.613516666666714,0.47735704579385263,0.9547140915877053,0,380656,deepcsr_201818_CA_rh_white_distanceMesh.vtk
deepcsr,200917,rh,white,9.853078292953402,0.5313268285523212,1.0626536571046423,0,396636,deepcsr_200917_CA_rh_white_distanceMesh.vtk
deepcsr,207628,rh,white,7.230755034438021,0.5205624890563165,1.041124978112633,0,396495,deepcsr_207628_CA_rh_white_distanceMesh.vtk
deepcsr,209329,rh,white,5.5021318441348965,0.4619549719021019,0.9239099438042038,0,382720,deepcsr_209329_CA_rh_white_distanceMesh.vtk
deepcsr,205220,rh,white,5.25575188603624,0.44561091442208917,0.8912218288441783,0,397724,deepcsr_205220_CA_rh_white_distanceMesh.vtk
deepcsr,209127,rh,white,6.319841499851357,0.45906751449151567,0.9181350289830313,0,398703,deepcsr_209127_CA_rh_white_distanceMesh.vtk
deepcsr,205725,rh,white,5.760644970305452,0.44598341458592805,0.8919668291718561,0,373643,deepcsr_205725_CA_rh_white_distanceMesh.vtk
deepcsr,201717,rh,white,6.910881318969309,0.5101180233202592,1.0202360466405185,0,407269,deepcsr_201717_CA_rh_white_distanceMesh.vtk
deepcsr,205826,rh,white,8.984984927113032,0.5612527413479329,1.1225054826958658,0,372394,deepcsr_205826_CA_rh_white_distanceMesh.vtk
deepcsr,203418,rh,white,5.821727254010178,0.47436230582646877,0.9487246116529375,0,386985,deepcsr_203418_CA_rh_white_distanceMesh.vtk
deepcsr,203923,rh,white,5.7650741046870495,0.4979349629692513,0.9958699259385027,0,408045,deepcsr_203923_CA_rh_white_distanceMesh.vtk
deepcsr,200614,rh,white,4.914066697697439,0.49024405737537713,0.9804881147507543,0,398740,deepcsr_200614_CA_rh_white_distanceMesh.vtk
deepcsr,200109,rh,white,6.43402579313826,0.46573280514719406,0.9314656102943881,0,424117,deepcsr_200109_CA_rh_white_distanceMesh.vtk
deepcsr,200311,rh,white,5.753153969264275,0.48354803052212625,0.9670960610442525,0,393228,deepcsr_200311_CA_rh_white_distanceMesh.vtk
deepcsr,208226,rh,white,6.597595507834595,0.46112415961940617,0.9222483192388123,0,395997,deepcsr_208226_CA_rh_white_distanceMesh.vtk
deepcsr,209935,rh,white,8.119790747550748,0.5356584020683577,1.0713168041367154,1,368716,deepcsr_209935_CA_rh_white_distanceMesh.vtk
deepcsr,209228,rh,white,7.502308792828915,0.4946862034653544,0.9893724069307088,0,391264,deepcsr_209228_CA_rh_white_distanceMesh.vtk
deepcsr,208125,rh,white,5.223896287866807,0.4791957107049477,0.9583914214098954,0,400117,deepcsr_208125_CA_rh_white_distanceMesh.vtk
deepcsr,206222,rh,white,6.2667431355599135,0.4843363450989546,0.9686726901979092,0,419840,deepcsr_206222_CA_rh_white_distanceMesh.vtk
deepcsr,201515,rh,white,6.636688825739975,0.4807763617147047,0.9615527234294095,0,413102,deepcsr_201515_CA_rh_white_distanceMesh.vtk
deepcsr,201414,rh,white,6.656776494080389,0.4702343001268521,0.9404686002537042,0,394524,deepcsr_201414_CA_rh_white_distanceMesh.vtk
deepcsr,202719,rh,white,6.649325934273648,0.4977009543032393,0.9954019086064786,0,400029,deepcsr_202719_CA_rh_white_distanceMesh.vtk
deepcsr,204622,rh,white,7.877153335936525,0.5520131142817575,1.104026228563515,0,387274,deepcsr_204622_CA_rh_white_distanceMesh.vtk
deepcsr,202113,rh,white,8.391846918405797,0.46545136949346333,0.9309027389869267,0,427298,deepcsr_202113_CA_rh_white_distanceMesh.vtk
deepcsr,204016,rh,white,5.636024948689953,0.4571221459772306,0.9142442919544612,0,418354,deepcsr_204016_CA_rh_white_distanceMesh.vtk
deepcsr,204319,rh,white,5.5453576234269,0.4843515700006342,0.9687031400012684,0,439860,deepcsr_204319_CA_rh_white_distanceMesh.vtk
deepcsr,210011,rh,white,6.168039551384118,0.5073985988926003,1.0147971977852006,0,393913,deepcsr_210011_CA_rh_white_distanceMesh.vtk
deepcsr,200210,rh,white,8.893623870998269,0.5266112728044965,1.053222545608993,0,421180,deepcsr_200210_CA_rh_white_distanceMesh.vtk
deepcsr,207123,rh,white,8.718250429006604,0.6085452421726995,1.217090484345399,0,388305,deepcsr_207123_CA_rh_white_distanceMesh.vtk
deepcsr,208327,rh,white,6.02923125923595,0.4949537131346801,0.9899074262693602,0,443599,deepcsr_208327_CA_rh_white_distanceMesh.vtk
deepcsr,210415,lh,pial,14.250812341393958,1.2301389091312798,2.4602778182625595,0,310865,deepcsr_210415_CA_lh_pial_distanceMesh.vtk
deepcsr,211114,lh,pial,12.526255609745437,1.3665173913523583,2.7330347827047166,0,284530,deepcsr_211114_CA_lh_pial_distanceMesh.vtk
deepcsr,210617,lh,pial,9.24637149157763,0.9626070601541832,1.9252141203083664,0,387258,deepcsr_210617_CA_lh_pial_distanceMesh.vtk
deepcsr,212015,lh,pial,11.639787448263718,1.191509351434492,2.383018702868984,0,323883,deepcsr_212015_CA_lh_pial_distanceMesh.vtk
deepcsr,211720,lh,pial,14.149153461735846,1.5568871055980686,3.1137742111961373,0,322499,deepcsr_211720_CA_lh_pial_distanceMesh.vtk
deepcsr,211922,lh,pial,10.248073151020103,1.0657598066079526,2.131519613215905,0,328127,deepcsr_211922_CA_lh_pial_distanceMesh.vtk
deepcsr,211316,lh,pial,11.929284738144684,1.0767501471116785,2.153500294223357,0,336596,deepcsr_211316_CA_lh_pial_distanceMesh.vtk
deepcsr,212419,lh,pial,12.82173538922589,1.2474729964391411,2.4949459928782822,0,308203,deepcsr_212419_CA_lh_pial_distanceMesh.vtk
deepcsr,211417,lh,pial,11.718249416848977,1.0197818810286874,2.0395637620573748,0,351558,deepcsr_211417_CA_lh_pial_distanceMesh.vtk
deepcsr,212217,lh,pial,11.299225275492004,1.1403320292021564,2.2806640584043127,0,319052,deepcsr_212217_CA_lh_pial_distanceMesh.vtk
deepcsr,211215,lh,pial,13.145804844560125,1.133379582292116,2.266759164584232,0,365373,deepcsr_211215_CA_lh_pial_distanceMesh.vtk
deepcsr,213421,lh,pial,11.793769695807166,1.159873064181238,2.319746128362476,0,322176,deepcsr_213421_CA_lh_pial_distanceMesh.vtk
deepcsr,214221,lh,pial,11.00824378476305,1.1590384349564968,2.3180768699129937,0,323393,deepcsr_214221_CA_lh_pial_distanceMesh.vtk
deepcsr,214019,lh,pial,12.901075284413594,0.9794915953105086,1.9589831906210171,0,341229,deepcsr_214019_CA_lh_pial_distanceMesh.vtk
deepcsr,212318,lh,pial,9.743124714153224,0.883272145078672,1.766544290157344,0,347273,deepcsr_212318_CA_lh_pial_distanceMesh.vtk
deepcsr,212116,lh,pial,13.82987177351881,1.053069983633322,2.106139967266644,0,352612,deepcsr_212116_CA_lh_pial_distanceMesh.vtk
deepcsr,214423,lh,pial,14.386120443775791,1.4281317639127815,2.856263527825563,0,313779,deepcsr_214423_CA_lh_pial_distanceMesh.vtk
deepcsr,221218,lh,pial,13.489689805195825,1.3238360499521147,2.6476720999042294,0,283037,deepcsr_221218_CA_lh_pial_distanceMesh.vtk
deepcsr,212823,lh,pial,9.630625173453844,0.9300017151496037,1.8600034302992074,0,377377,deepcsr_212823_CA_lh_pial_distanceMesh.vtk
deepcsr,217429,lh,pial,12.40622566496133,1.2651415969259878,2.5302831938519756,0,313669,deepcsr_217429_CA_lh_pial_distanceMesh.vtk
deepcsr,214625,lh,pial,10.668186813875453,0.9988101271015177,1.9976202542030355,0,365397,deepcsr_214625_CA_lh_pial_distanceMesh.vtk
deepcsr,214524,lh,pial,9.953851389524004,0.9649533254693777,1.9299066509387555,0,363041,deepcsr_214524_CA_lh_pial_distanceMesh.vtk
deepcsr,221319,lh,pial,10.352607203049388,0.9449719581129692,1.8899439162259384,0,328482,deepcsr_221319_CA_lh_pial_distanceMesh.vtk
deepcsr,210415,lh,white,6.306741931308052,0.4552089269370627,0.9104178538741254,0,384480,deepcsr_210415_CA_lh_white_distanceMesh.vtk
deepcsr,214726,lh,pial,10.70496793136058,1.0677269261069506,2.1354538522139013,1,369906,deepcsr_214726_CA_lh_pial_distanceMesh.vtk
deepcsr,217126,lh,pial,12.214704380260448,1.0926879578910582,2.1853759157821164,0,330478,deepcsr_217126_CA_lh_pial_distanceMesh.vtk
deepcsr,224022,lh,pial,11.712417224754546,1.1463439032253384,2.292687806450677,0,298316,deepcsr_224022_CA_lh_pial_distanceMesh.vtk
deepcsr,231928,lh,pial,12.962246469349616,1.1998783947734346,2.399756789546869,0,319628,deepcsr_231928_CA_lh_pial_distanceMesh.vtk
deepcsr,236130,lh,pial,12.397572482829618,1.2793754340002819,2.5587508680005637,1,330737,deepcsr_236130_CA_lh_pial_distanceMesh.vtk
deepcsr,223929,lh,pial,16.161496612228536,1.462481119279249,2.924962238558498,0,332573,deepcsr_223929_CA_lh_pial_distanceMesh.vtk
deepcsr,233326,lh,pial,10.659261687109787,1.0778749135010828,2.1557498270021656,0,348543,deepcsr_233326_CA_lh_pial_distanceMesh.vtk
deepcsr,220721,lh,pial,9.056187739830117,0.8668587667924919,1.7337175335849837,0,396709,deepcsr_220721_CA_lh_pial_distanceMesh.vtk
deepcsr,239944,lh,pial,11.482231410560912,1.0521745289014055,2.104349057802811,0,352051,deepcsr_239944_CA_lh_pial_distanceMesh.vtk
deepcsr,228434,lh,pial,10.348097895228962,1.0085658099278612,2.0171316198557223,0,358457,deepcsr_228434_CA_lh_pial_distanceMesh.vtk
deepcsr,237334,lh,pial,12.361904968656322,0.924324206986975,1.84864841397395,0,356614,deepcsr_237334_CA_lh_pial_distanceMesh.vtk
deepcsr,227432,lh,pial,11.153853545513558,0.8863338748529208,1.7726677497058416,0,368489,deepcsr_227432_CA_lh_pial_distanceMesh.vtk
deepcsr,245333,lh,pial,11.124026222103621,1.0172222633689192,2.0344445267378384,0,338609,deepcsr_245333_CA_lh_pial_distanceMesh.vtk
deepcsr,246133,lh,pial,12.988339723595823,1.1549186873281605,2.309837374656321,0,311561,deepcsr_246133_CA_lh_pial_distanceMesh.vtk
deepcsr,249947,lh,pial,11.573247792557469,1.2237548996520626,2.4475097993041253,0,322937,deepcsr_249947_CA_lh_pial_distanceMesh.vtk
deepcsr,211114,lh,white,6.793019803795266,0.5185008239652346,1.0370016479304691,0,389232,deepcsr_211114_CA_lh_white_distanceMesh.vtk
deepcsr,248339,lh,pial,14.72915438517012,1.0264812431557717,2.0529624863115434,0,361221,deepcsr_248339_CA_lh_pial_distanceMesh.vtk
deepcsr,212015,lh,white,7.571131548612981,0.5728390218423088,1.1456780436846177,0,375959,deepcsr_212015_CA_lh_white_distanceMesh.vtk
deepcsr,211316,lh,white,4.936510798560985,0.4810060715852572,0.9620121431705144,0,367294,deepcsr_211316_CA_lh_white_distanceMesh.vtk
deepcsr,210617,lh,white,5.772713713291934,0.5047598823746673,1.0095197647493346,0,411089,deepcsr_210617_CA_lh_white_distanceMesh.vtk
deepcsr,211922,lh,white,6.644869822793964,0.48140592911468333,0.9628118582293667,1,403819,deepcsr_211922_CA_lh_white_distanceMesh.vtk
deepcsr,211720,lh,white,7.150791581359082,0.5347996862411282,1.0695993724822563,0,417032,deepcsr_211720_CA_lh_white_distanceMesh.vtk
deepcsr,214221,lh,white,7.149611735555283,0.542650548560853,1.085301097121706,0,376933,deepcsr_214221_CA_lh_white_distanceMesh.vtk
deepcsr,212217,lh,white,5.001660026440572,0.4815307511032292,0.9630615022064584,0,383470,deepcsr_212217_CA_lh_white_distanceMesh.vtk
deepcsr,211417,lh,white,6.90189049069268,0.5190480027386832,1.0380960054773665,0,390865,deepcsr_211417_CA_lh_white_distanceMesh.vtk
deepcsr,212419,lh,white,8.098886712723216,0.5118806562946293,1.0237613125892586,0,400954,deepcsr_212419_CA_lh_white_distanceMesh.vtk
deepcsr,212318,lh,white,6.4987208247251464,0.5082030721242736,1.0164061442485472,0,358773,deepcsr_212318_CA_lh_white_distanceMesh.vtk
deepcsr,213421,lh,white,6.610548480885115,0.5199495191607235,1.039899038321447,0,397202,deepcsr_213421_CA_lh_white_distanceMesh.vtk
deepcsr,210415,rh,pial,16.00796051608567,1.2736542968092126,2.547308593618425,0,301725,deepcsr_210415_CA_rh_pial_distanceMesh.vtk
deepcsr,214019,lh,white,6.158300672948548,0.47193566588364744,0.9438713317672949,0,379169,deepcsr_214019_CA_lh_white_distanceMesh.vtk
deepcsr,250427,lh,pial,9.92542328219199,0.9378615738829652,1.8757231477659304,0,364811,deepcsr_250427_CA_lh_pial_distanceMesh.vtk
deepcsr,211215,lh,white,6.266455364968358,0.5031643687159082,1.0063287374318164,0,418161,deepcsr_211215_CA_lh_white_distanceMesh.vtk
deepcsr,212823,lh,white,6.911304673520798,0.5473894721023583,1.0947789442047167,0,379245,deepcsr_212823_CA_lh_white_distanceMesh.vtk
deepcsr,212116,lh,white,5.8051871860331525,0.46708522086230486,0.9341704417246097,0,402816,deepcsr_212116_CA_lh_white_distanceMesh.vtk
deepcsr,221218,lh,white,9.53866503759328,0.5139298584906957,1.0278597169813914,0,388111,deepcsr_221218_CA_lh_white_distanceMesh.vtk
deepcsr,221319,lh,white,7.023129687185802,0.5248052437367347,1.0496104874734693,0,359191,deepcsr_221319_CA_lh_white_distanceMesh.vtk
deepcsr,214423,lh,white,9.760668846879014,0.5982140039481589,1.1964280078963179,0,417882,deepcsr_214423_CA_lh_white_distanceMesh.vtk
deepcsr,217429,lh,white,7.075423813472923,0.5133794812993309,1.0267589625986617,0,379695,deepcsr_217429_CA_lh_white_distanceMesh.vtk
deepcsr,217126,lh,white,6.90081436074856,0.5416935782506264,1.0833871565012527,0,364512,deepcsr_217126_CA_lh_white_distanceMesh.vtk
deepcsr,214524,lh,white,12.447859489594439,0.5505884839611846,1.1011769679223693,0,378731,deepcsr_214524_CA_lh_white_distanceMesh.vtk
deepcsr,224022,lh,white,5.897513095505206,0.46119161727545677,0.9223832345509135,0,362201,deepcsr_224022_CA_lh_white_distanceMesh.vtk
deepcsr,214625,lh,white,6.205244331634,0.5034236727114028,1.0068473454228055,0,398576,deepcsr_214625_CA_lh_white_distanceMesh.vtk
deepcsr,214726,lh,white,8.46871772781121,0.5058127502379189,1.0116255004758379,0,391866,deepcsr_214726_CA_lh_white_distanceMesh.vtk
deepcsr,231928,lh,white,8.056135141962399,0.5963572252511532,1.1927144505023064,0,373040,deepcsr_231928_CA_lh_white_distanceMesh.vtk
deepcsr,211114,rh,pial,14.166675301917353,1.5510286754065858,3.1020573508131717,0,269649,deepcsr_211114_CA_rh_pial_distanceMesh.vtk
deepcsr,220721,lh,white,6.847135171102559,0.5696743125938255,1.139348625187651,0,373430,deepcsr_220721_CA_lh_white_distanceMesh.vtk
deepcsr,227432,lh,white,8.782542914463269,0.5528175959122514,1.1056351918245029,0,359470,deepcsr_227432_CA_lh_white_distanceMesh.vtk
deepcsr,237334,lh,white,6.734629379542832,0.46998062949302755,0.9399612589860551,0,378183,deepcsr_237334_CA_lh_white_distanceMesh.vtk
deepcsr,233326,lh,white,7.347947159119806,0.5434770647634819,1.0869541295269638,0,398066,deepcsr_233326_CA_lh_white_distanceMesh.vtk
deepcsr,236130,lh,white,7.106098916304888,0.4611853128292902,0.9223706256585804,0,408498,deepcsr_236130_CA_lh_white_distanceMesh.vtk
deepcsr,228434,lh,white,5.613202094685566,0.4534668855821087,0.9069337711642174,0,394448,deepcsr_228434_CA_lh_white_distanceMesh.vtk
deepcsr,239944,lh,white,6.953820658053332,0.5158934044136841,1.0317868088273683,0,396989,deepcsr_239944_CA_lh_white_distanceMesh.vtk
deepcsr,245333,lh,white,6.615343624372111,0.508349967687592,1.016699935375184,0,378841,deepcsr_245333_CA_lh_white_distanceMesh.vtk
deepcsr,223929,lh,white,6.672404124822891,0.5901220901411846,1.180244180282369,0,437503,deepcsr_223929_CA_lh_white_distanceMesh.vtk
deepcsr,246133,lh,white,6.266359294269643,0.4945959186782693,0.9891918373565386,0,389970,deepcsr_246133_CA_lh_white_distanceMesh.vtk
deepcsr,249947,lh,white,6.02320487446454,0.4553083861878292,0.9106167723756584,0,413532,deepcsr_249947_CA_lh_white_distanceMesh.vtk
deepcsr,212015,rh,pial,12.39475959185796,1.258389865802763,2.516779731605526,0,318472,deepcsr_212015_CA_rh_pial_distanceMesh.vtk
deepcsr,211316,rh,pial,12.320606957596812,1.0615736887036533,2.1231473774073066,0,320166,deepcsr_211316_CA_rh_pial_distanceMesh.vtk
deepcsr,248339,lh,white,5.565637589442886,0.5014109247049439,1.0028218494098877,0,396264,deepcsr_248339_CA_lh_white_distanceMesh.vtk
deepcsr,214221,rh,pial,11.32587612172878,1.2875825157648664,2.5751650315297328,0,304722,deepcsr_214221_CA_rh_pial_distanceMesh.vtk
deepcsr,212217,rh,pial,13.846133384601583,1.1709115416494233,2.3418230832988467,0,313764,deepcsr_212217_CA_rh_pial_distanceMesh.vtk
deepcsr,211922,rh,pial,11.288027516034267,1.1100748848326156,2.2201497696652313,1,325074,deepcsr_211922_CA_rh_pial_distanceMesh.vtk
deepcsr,213421,rh,pial,14.322930738954806,1.3277067813990462,2.6554135627980924,0,304110,deepcsr_213421_CA_rh_pial_distanceMesh.vtk
deepcsr,212419,rh,pial,13.13082458881663,1.1451706081055268,2.2903412162110537,0,316202,deepcsr_212419_CA_rh_pial_distanceMesh.vtk
deepcsr,221218,rh,pial,14.352008165922085,1.525308813471172,3.050617626942344,0,270705,deepcsr_221218_CA_rh_pial_distanceMesh.vtk
deepcsr,210617,rh,pial,11.714366437418906,1.0968300010228178,2.1936600020456356,0,375828,deepcsr_210617_CA_rh_pial_distanceMesh.vtk
deepcsr,211417,rh,pial,11.287787473231575,1.116891155273634,2.233782310547268,0,340802,deepcsr_211417_CA_rh_pial_distanceMesh.vtk
deepcsr,214019,rh,pial,10.83366437121546,1.0918923038355146,2.183784607671029,1,324597,deepcsr_214019_CA_rh_pial_distanceMesh.vtk
deepcsr,211720,rh,pial,12.800856848831929,1.2662885316932861,2.5325770633865723,0,350290,deepcsr_211720_CA_rh_pial_distanceMesh.vtk
deepcsr,212318,rh,pial,12.008010867657054,0.944262868020856,1.888525736041712,0,337888,deepcsr_212318_CA_rh_pial_distanceMesh.vtk
deepcsr,221319,rh,pial,13.140068414892735,1.1829690907093262,2.3659381814186524,0,303797,deepcsr_221319_CA_rh_pial_distanceMesh.vtk
deepcsr,214423,rh,pial,17.855487879861535,1.6357720142162602,3.2715440284325203,0,305858,deepcsr_214423_CA_rh_pial_distanceMesh.vtk
deepcsr,210415,rh,white,4.616157327805236,0.4663953975517294,0.9327907951034587,0,383427,deepcsr_210415_CA_rh_white_distanceMesh.vtk
deepcsr,217429,rh,pial,11.487616716688205,1.1830255737750635,2.366051147550127,0,317277,deepcsr_217429_CA_rh_pial_distanceMesh.vtk
deepcsr,224022,rh,pial,11.779903143437945,1.0810226818137463,2.1620453636274926,0,304230,deepcsr_224022_CA_rh_pial_distanceMesh.vtk
deepcsr,211215,rh,pial,12.887133403904611,1.117569114816536,2.235138229633072,0,368138,deepcsr_211215_CA_rh_pial_distanceMesh.vtk
deepcsr,217126,rh,pial,10.72088920947744,1.1591139537738977,2.3182279075477954,0,322180,deepcsr_217126_CA_rh_pial_distanceMesh.vtk
deepcsr,212823,rh,pial,12.554387328202614,1.0364833605107429,2.0729667210214857,0,360259,deepcsr_212823_CA_rh_pial_distanceMesh.vtk
deepcsr,212116,rh,pial,13.723003895566501,1.0651079875398362,2.1302159750796723,0,354489,deepcsr_212116_CA_rh_pial_distanceMesh.vtk
deepcsr,250427,lh,white,8.357213992015906,0.45503743841495325,0.9100748768299065,0,397508,deepcsr_250427_CA_lh_white_distanceMesh.vtk
deepcsr,214524,rh,pial,11.927238932244718,1.165055165316982,2.330110330633964,0,336439,deepcsr_214524_CA_rh_pial_distanceMesh.vtk
deepcsr,231928,rh,pial,11.452225315126292,1.1463868186159738,2.2927736372319476,0,329534,deepcsr_231928_CA_rh_pial_distanceMesh.vtk
deepcsr,214625,rh,pial,12.560850498663426,0.958406200506849,1.916812401013698,0,362485,deepcsr_214625_CA_rh_pial_distanceMesh.vtk
deepcsr,214726,rh,pial,11.70437983460627,1.093243224056509,2.186486448113018,0,356900,deepcsr_214726_CA_rh_pial_distanceMesh.vtk
deepcsr,236130,rh,pial,13.51865998342316,1.3414238485610186,2.682847697122037,0,322995,deepcsr_236130_CA_rh_pial_distanceMesh.vtk
deepcsr,233326,rh,pial,13.249567080129381,1.1501347759850065,2.300269551970013,0,345454,deepcsr_233326_CA_rh_pial_distanceMesh.vtk
deepcsr,237334,rh,pial,10.701305877238571,0.9614187795900446,1.9228375591800893,0,353159,deepcsr_237334_CA_rh_pial_distanceMesh.vtk
deepcsr,228434,rh,pial,11.744543109559173,1.0405431313179974,2.0810862626359947,0,346386,deepcsr_228434_CA_rh_pial_distanceMesh.vtk
deepcsr,245333,rh,pial,11.205747432138661,1.061020015199379,2.122040030398758,0,336453,deepcsr_245333_CA_rh_pial_distanceMesh.vtk
deepcsr,227432,rh,pial,10.003783007704266,0.875725093894768,1.751450187789536,0,370255,deepcsr_227432_CA_rh_pial_distanceMesh.vtk
deepcsr,220721,rh,pial,9.97668030207135,0.9144028668215238,1.8288057336430477,0,384618,deepcsr_220721_CA_rh_pial_distanceMesh.vtk
deepcsr,246133,rh,pial,11.8060317516898,1.1321461011800218,2.2642922023600436,0,315836,deepcsr_246133_CA_rh_pial_distanceMesh.vtk
deepcsr,239944,rh,pial,10.51745961701132,1.016259964288742,2.032519928577484,0,354932,deepcsr_239944_CA_rh_pial_distanceMesh.vtk
deepcsr,223929,rh,pial,14.4760874870825,1.4257785648064685,2.851557129612937,0,342256,deepcsr_223929_CA_rh_pial_distanceMesh.vtk
deepcsr,211114,rh,white,6.527093629982167,0.4991858276750407,0.9983716553500814,0,404741,deepcsr_211114_CA_rh_white_distanceMesh.vtk
deepcsr,249947,rh,pial,12.028737379813018,1.3655892302824857,2.7311784605649714,0,315953,deepcsr_249947_CA_rh_pial_distanceMesh.vtk
deepcsr,211316,rh,white,6.73901167753576,0.46928649545708156,0.9385729909141631,0,363254,deepcsr_211316_CA_rh_white_distanceMesh.vtk
deepcsr,248339,rh,pial,12.11777209386154,1.0919389026221613,2.1838778052443226,0,354467,deepcsr_248339_CA_rh_pial_distanceMesh.vtk
deepcsr,212015,rh,white,6.026438405836319,0.5317852584684053,1.0635705169368106,0,384687,deepcsr_212015_CA_rh_white_distanceMesh.vtk
deepcsr,214221,rh,white,7.4527663441873155,0.516033854233012,1.032067708466024,0,384295,deepcsr_214221_CA_rh_white_distanceMesh.vtk
deepcsr,212217,rh,white,7.372627472679999,0.4912734775949944,0.9825469551899888,0,391668,deepcsr_212217_CA_rh_white_distanceMesh.vtk
deepcsr,212318,rh,white,6.007314859398592,0.4830001847323068,0.9660003694646137,0,361457,deepcsr_212318_CA_rh_white_distanceMesh.vtk
deepcsr,211922,rh,white,7.123369786005575,0.46603990036632525,0.9320798007326505,0,399405,deepcsr_211922_CA_rh_white_distanceMesh.vtk
deepcsr,212419,rh,white,7.716564364811062,0.4607675867611257,0.9215351735222514,0,404649,deepcsr_212419_CA_rh_white_distanceMesh.vtk
deepcsr,213421,rh,white,7.819564733255164,0.48629648357926436,0.9725929671585287,0,414769,deepcsr_213421_CA_rh_white_distanceMesh.vtk
deepcsr,214019,rh,white,5.910937661272082,0.4503416143237531,0.9006832286475062,0,390741,deepcsr_214019_CA_rh_white_distanceMesh.vtk
deepcsr,221218,rh,white,8.721157263293975,0.4926052639444392,0.9852105278888784,0,404712,deepcsr_221218_CA_rh_white_distanceMesh.vtk
deepcsr,211417,rh,white,6.96610675210499,0.48292758395958285,0.9658551679191657,0,398656,deepcsr_211417_CA_rh_white_distanceMesh.vtk
deepcsr,221319,rh,white,5.610588522876803,0.463734501987902,0.927469003975804,0,382225,deepcsr_221319_CA_rh_white_distanceMesh.vtk
deepcsr,210617,rh,white,7.359432849286027,0.48358710505365077,0.9671742101073015,0,423322,deepcsr_210617_CA_rh_white_distanceMesh.vtk
deepcsr,211720,rh,white,6.091063127532512,0.5359592085496361,1.0719184170992722,0,423986,deepcsr_211720_CA_rh_white_distanceMesh.vtk
deepcsr,250427,rh,pial,11.296945798017493,1.0420195479760053,2.0840390959520105,0,357029,deepcsr_250427_CA_rh_pial_distanceMesh.vtk
deepcsr,224022,rh,white,6.768091179512874,0.46862214591646956,0.9372442918329391,0,374122,deepcsr_224022_CA_rh_white_distanceMesh.vtk
deepcsr,217126,rh,white,6.523980095567085,0.5157660416653288,1.0315320833306576,0,379902,deepcsr_217126_CA_rh_white_distanceMesh.vtk
deepcsr,217429,rh,white,5.88154788007384,0.48443559359232785,0.9688711871846557,0,394487,deepcsr_217429_CA_rh_white_distanceMesh.vtk
deepcsr,212823,rh,white,5.536150946181428,0.5007868280002826,1.0015736560005652,0,387668,deepcsr_212823_CA_rh_white_distanceMesh.vtk
deepcsr,212116,rh,white,4.666644201772853,0.45214172030790223,0.9042834406158045,0,407010,deepcsr_212116_CA_rh_white_distanceMesh.vtk
deepcsr,214524,rh,white,8.75179006567343,0.5149584882083178,1.0299169764166356,0,392654,deepcsr_214524_CA_rh_white_distanceMesh.vtk
deepcsr,214423,rh,white,8.67892252727753,0.5366245721361418,1.0732491442722836,0,434783,deepcsr_214423_CA_rh_white_distanceMesh.vtk
deepcsr,211215,rh,white,6.411013988346508,0.48462067136836395,0.9692413427367279,0,428506,deepcsr_211215_CA_rh_white_distanceMesh.vtk
deepcsr,231928,rh,white,10.506322322215102,0.5320955203244027,1.0641910406488053,0,397819,deepcsr_231928_CA_rh_white_distanceMesh.vtk
deepcsr,214625,rh,white,8.069846533558824,0.48503479685367795,0.9700695937073559,0,403224,deepcsr_214625_CA_rh_white_distanceMesh.vtk
deepcsr,214726,rh,white,5.944813674881317,0.47082966282652694,0.9416593256530539,0,392641,deepcsr_214726_CA_rh_white_distanceMesh.vtk
deepcsr,227432,rh,white,6.687999927533027,0.543516353237059,1.087032706474118,0,362228,deepcsr_227432_CA_rh_white_distanceMesh.vtk
deepcsr,237334,rh,white,6.023371755775098,0.46225121111925593,0.9245024222385119,0,379202,deepcsr_237334_CA_rh_white_distanceMesh.vtk
deepcsr,236130,rh,white,6.587896297223221,0.47465490987384273,0.9493098197476855,0,410721,deepcsr_236130_CA_rh_white_distanceMesh.vtk
deepcsr,233326,rh,white,7.389888838719584,0.502889028562491,1.005778057124982,0,405905,deepcsr_233326_CA_rh_white_distanceMesh.vtk
deepcsr,228434,rh,white,5.82195786460976,0.47941937091897036,0.9588387418379407,0,400885,deepcsr_228434_CA_rh_white_distanceMesh.vtk
deepcsr,220721,rh,white,9.20077723794011,0.5101615593372928,1.0203231186745856,0,387015,deepcsr_220721_CA_rh_white_distanceMesh.vtk
deepcsr,245333,rh,white,6.974403882443975,0.4785127871562421,0.9570255743124843,0,400329,deepcsr_245333_CA_rh_white_distanceMesh.vtk
deepcsr,246133,rh,white,6.346452369687952,0.4908238368695071,0.9816476737390142,0,391015,deepcsr_246133_CA_rh_white_distanceMesh.vtk
deepcsr,239944,rh,white,9.526977529128631,0.5100836301148981,1.0201672602297962,0,392705,deepcsr_239944_CA_rh_white_distanceMesh.vtk
deepcsr,249947,rh,white,5.729221411062457,0.4586459440718659,0.9172918881437317,0,425029,deepcsr_249947_CA_rh_white_distanceMesh.vtk
deepcsr,223929,rh,white,7.796056344043231,0.5748221329069263,1.1496442658138526,0,446919,deepcsr_223929_CA_rh_white_distanceMesh.vtk
deepcsr,248339,rh,white,6.396991070847548,0.5053892019370025,1.010778403874005,0,406155,deepcsr_248339_CA_rh_white_distanceMesh.vtk
deepcsr,250427,rh,white,5.6347721206715,0.43903465748502357,0.8780693149700471,0,414881,deepcsr_250427_CA_rh_white_distanceMesh.vtk
deepcsr,250932,lh,pial,13.391647316847626,1.2619931363015726,2.5239862726031452,0,312164,deepcsr_250932_CA_lh_pial_distanceMesh.vtk
deepcsr,256540,lh,pial,11.179832095277183,1.1895051787802848,2.3790103575605697,0,303157,deepcsr_256540_CA_lh_pial_distanceMesh.vtk
deepcsr,257542,lh,pial,14.130318504369551,1.3256212254833888,2.6512424509667776,0,316159,deepcsr_257542_CA_lh_pial_distanceMesh.vtk
deepcsr,255639,lh,pial,10.32068629063941,0.9587508140427601,1.9175016280855202,0,371789,deepcsr_255639_CA_lh_pial_distanceMesh.vtk
deepcsr,251833,lh,pial,11.808870899068761,0.944906035164119,1.889812070328238,0,387022,deepcsr_251833_CA_lh_pial_distanceMesh.vtk
deepcsr,268749,lh,pial,13.770449648999415,1.3779420083506382,2.7558840167012764,0,311223,deepcsr_268749_CA_lh_pial_distanceMesh.vtk
deepcsr,263436,lh,pial,13.538803702044412,1.101629765200432,2.203259530400864,0,353315,deepcsr_263436_CA_lh_pial_distanceMesh.vtk
deepcsr,284646,lh,pial,10.629708665673828,1.1586395398055578,2.3172790796111156,0,306601,deepcsr_284646_CA_lh_pial_distanceMesh.vtk
deepcsr,257845,lh,pial,9.47255808405638,0.8539641281352215,1.707928256270443,0,411025,deepcsr_257845_CA_lh_pial_distanceMesh.vtk
deepcsr,268850,lh,pial,11.992067128592371,1.0712123555438162,2.1424247110876324,0,329353,deepcsr_268850_CA_lh_pial_distanceMesh.vtk
deepcsr,280739,lh,pial,11.131782387037395,0.9605464761420939,1.9210929522841877,0,337169,deepcsr_280739_CA_lh_pial_distanceMesh.vtk
deepcsr,275645,lh,pial,11.320303617977139,1.0059555094337453,2.0119110188674907,0,341475,deepcsr_275645_CA_lh_pial_distanceMesh.vtk
deepcsr,250932,lh,white,5.262580084756302,0.45945004894657765,0.9189000978931553,0,402602,deepcsr_250932_CA_lh_white_distanceMesh.vtk
deepcsr,280941,lh,pial,10.77413205973632,0.9955456256665445,1.991091251333089,0,353315,deepcsr_280941_CA_lh_pial_distanceMesh.vtk
deepcsr,270332,lh,pial,12.311303382589502,1.0923723913881156,2.184744782776231,0,361921,deepcsr_270332_CA_lh_pial_distanceMesh.vtk
deepcsr,285345,lh,pial,10.57519985779236,1.0153910960764871,2.0307821921529743,1,328796,deepcsr_285345_CA_lh_pial_distanceMesh.vtk
deepcsr,286650,lh,pial,12.04158605398792,1.2029281717055291,2.4058563434110583,0,333495,deepcsr_286650_CA_lh_pial_distanceMesh.vtk
deepcsr,289555,lh,pial,11.845542243547238,0.9903064069177836,1.9806128138355672,0,313396,deepcsr_289555_CA_lh_pial_distanceMesh.vtk
deepcsr,283543,lh,pial,8.744313486106691,0.8277574273260875,1.655514854652175,0,402587,deepcsr_283543_CA_lh_pial_distanceMesh.vtk
deepcsr,295146,lh,pial,14.50100577303315,1.4124421698331628,2.8248843396663257,0,271491,deepcsr_295146_CA_lh_pial_distanceMesh.vtk
deepcsr,287248,lh,pial,10.902263460246163,1.0948634015244232,2.1897268030488464,0,335659,deepcsr_287248_CA_lh_pial_distanceMesh.vtk
deepcsr,285446,lh,pial,9.89510595049195,0.8916405268798284,1.7832810537596568,0,390728,deepcsr_285446_CA_lh_pial_distanceMesh.vtk
deepcsr,290136,lh,pial,12.259336231682987,1.0745522317554768,2.1491044635109535,0,346522,deepcsr_290136_CA_lh_pial_distanceMesh.vtk
deepcsr,297655,lh,pial,11.153120034165706,1.0393718012416149,2.0787436024832298,0,314192,deepcsr_297655_CA_lh_pial_distanceMesh.vtk
deepcsr,299154,lh,pial,14.853335619242609,1.3316661200291753,2.6633322400583506,0,324783,deepcsr_299154_CA_lh_pial_distanceMesh.vtk
deepcsr,293748,lh,pial,10.07876168014469,0.8335494080021428,1.6670988160042857,0,350186,deepcsr_293748_CA_lh_pial_distanceMesh.vtk
deepcsr,298455,lh,pial,10.129752158524953,0.8338824120452766,1.6677648240905532,0,385489,deepcsr_298455_CA_lh_pial_distanceMesh.vtk
deepcsr,298051,lh,pial,8.998177693363546,0.8435778477852205,1.687155695570441,0,400605,deepcsr_298051_CA_lh_pial_distanceMesh.vtk
deepcsr,256540,lh,white,5.067143614318525,0.4837287848870576,0.9674575697741152,0,378884,deepcsr_256540_CA_lh_white_distanceMesh.vtk
deepcsr,255639,lh,white,8.463916630958332,0.49001827278243637,0.9800365455648727,0,377945,deepcsr_255639_CA_lh_white_distanceMesh.vtk
deepcsr,257542,lh,white,7.384871997347403,0.5055001531029994,1.011000306205999,0,394376,deepcsr_257542_CA_lh_white_distanceMesh.vtk
deepcsr,251833,lh,white,6.426846617304001,0.5584007768822693,1.1168015537645386,0,395130,deepcsr_251833_CA_lh_white_distanceMesh.vtk
deepcsr,250932,rh,pial,10.884373979223444,1.221952032133478,2.443904064266956,0,322976,deepcsr_250932_CA_rh_pial_distanceMesh.vtk
deepcsr,284646,lh,white,8.472821367909642,0.5498446883731265,1.099689376746253,1,365983,deepcsr_284646_CA_lh_white_distanceMesh.vtk
deepcsr,268749,lh,white,8.897516215387391,0.5561276493191167,1.1122552986382335,0,419790,deepcsr_268749_CA_lh_white_distanceMesh.vtk
deepcsr,280739,lh,white,6.924168546137675,0.5091374251843394,1.0182748503686787,0,372486,deepcsr_280739_CA_lh_white_distanceMesh.vtk
deepcsr,257845,lh,white,7.087236351144442,0.5401330979635077,1.0802661959270154,0,391874,deepcsr_257845_CA_lh_white_distanceMesh.vtk
deepcsr,263436,lh,white,7.454747656427849,0.5243378527605866,1.0486757055211733,0,410207,deepcsr_263436_CA_lh_white_distanceMesh.vtk
deepcsr,280941,lh,white,9.446473708174207,0.5216555052972552,1.0433110105945105,0,382790,deepcsr_280941_CA_lh_white_distanceMesh.vtk
deepcsr,268850,lh,white,6.0359707739736725,0.47286034448066583,0.9457206889613317,0,405419,deepcsr_268850_CA_lh_white_distanceMesh.vtk
deepcsr,275645,lh,white,5.994004927783773,0.462122352392044,0.924244704784088,0,396132,deepcsr_275645_CA_lh_white_distanceMesh.vtk
deepcsr,285345,lh,white,5.496230170335493,0.48178699599221086,0.9635739919844217,0,380115,deepcsr_285345_CA_lh_white_distanceMesh.vtk
deepcsr,289555,lh,white,8.35993032439842,0.479976229850235,0.95995245970047,0,365136,deepcsr_289555_CA_lh_white_distanceMesh.vtk
deepcsr,270332,lh,white,6.938497883677861,0.5888697169542505,1.177739433908501,0,405487,deepcsr_270332_CA_lh_white_distanceMesh.vtk
deepcsr,286650,lh,white,11.020511534525255,0.5817365840817995,1.163473168163599,0,384342,deepcsr_286650_CA_lh_white_distanceMesh.vtk
deepcsr,295146,lh,white,7.180944996604926,0.507146394247901,1.014292788495802,0,371560,deepcsr_295146_CA_lh_white_distanceMesh.vtk
deepcsr,297655,lh,white,7.800050885332431,0.4733264976867423,0.9466529953734846,0,352144,deepcsr_297655_CA_lh_white_distanceMesh.vtk
deepcsr,283543,lh,white,5.992572112863189,0.5300991863932494,1.0601983727864988,0,390981,deepcsr_283543_CA_lh_white_distanceMesh.vtk
deepcsr,287248,lh,white,6.731986296718154,0.5644803518972916,1.1289607037945832,0,391528,deepcsr_287248_CA_lh_white_distanceMesh.vtk
deepcsr,285446,lh,white,7.505920722584254,0.591731680445992,1.183463360891984,0,387547,deepcsr_285446_CA_lh_white_distanceMesh.vtk
deepcsr,290136,lh,white,7.759666436047071,0.5534040307102547,1.1068080614205094,0,388002,deepcsr_290136_CA_lh_white_distanceMesh.vtk
deepcsr,293748,lh,white,6.274956110469655,0.4874088628461416,0.9748177256922832,0,362409,deepcsr_293748_CA_lh_white_distanceMesh.vtk
deepcsr,256540,rh,pial,12.610186780055125,1.2723863986744348,2.5447727973488696,0,289292,deepcsr_256540_CA_rh_pial_distanceMesh.vtk
deepcsr,299154,lh,white,6.251271585018938,0.5003498192291005,1.000699638458201,0,427930,deepcsr_299154_CA_lh_white_distanceMesh.vtk
deepcsr,298455,lh,white,6.878344768494224,0.5019523300756485,1.003904660151297,0,387970,deepcsr_298455_CA_lh_white_distanceMesh.vtk
deepcsr,257542,rh,pial,13.743531527239154,1.3038198852181928,2.6076397704363856,0,324738,deepcsr_257542_CA_rh_pial_distanceMesh.vtk
deepcsr,298051,lh,white,7.918721378901644,0.5914633594464263,1.1829267188928525,0,400293,deepcsr_298051_CA_lh_white_distanceMesh.vtk
deepcsr,255639,rh,pial,9.472711007321006,1.0060834102470804,2.0121668204941607,0,369907,deepcsr_255639_CA_rh_pial_distanceMesh.vtk
deepcsr,284646,rh,pial,11.198103152361453,1.197826893028762,2.395653786057524,0,303473,deepcsr_284646_CA_rh_pial_distanceMesh.vtk
deepcsr,268749,rh,pial,13.423600776354396,1.3542348235429609,2.7084696470859217,0,313788,deepcsr_268749_CA_rh_pial_distanceMesh.vtk
deepcsr,251833,rh,pial,11.386581786832584,1.044814161099517,2.089628322199034,0,377433,deepcsr_251833_CA_rh_pial_distanceMesh.vtk
deepcsr,280739,rh,pial,9.248868341912946,0.9681378032561099,1.9362756065122197,0,333054,deepcsr_280739_CA_rh_pial_distanceMesh.vtk
deepcsr,268850,rh,pial,12.903741871455448,1.244193128694649,2.488386257389298,0,314998,deepcsr_268850_CA_rh_pial_distanceMesh.vtk
deepcsr,289555,rh,pial,10.533280323055905,1.1487602733030264,2.297520546606053,0,297864,deepcsr_289555_CA_rh_pial_distanceMesh.vtk
deepcsr,295146,rh,pial,11.651911783597567,1.315385192939231,2.630770385878462,0,283924,deepcsr_295146_CA_rh_pial_distanceMesh.vtk
deepcsr,280941,rh,pial,10.82512491235124,1.0409815909270566,2.081963181854113,0,339290,deepcsr_280941_CA_rh_pial_distanceMesh.vtk
deepcsr,275645,rh,pial,11.341955569487475,1.0998087384557347,2.1996174769114694,0,331534,deepcsr_275645_CA_rh_pial_distanceMesh.vtk
deepcsr,285345,rh,pial,12.064497925923458,1.1900230822546558,2.3800461645093116,0,326009,deepcsr_285345_CA_rh_pial_distanceMesh.vtk
deepcsr,250932,rh,white,5.883860969722674,0.45847815696261063,0.9169563139252213,0,414075,deepcsr_250932_CA_rh_white_distanceMesh.vtk
deepcsr,286650,rh,pial,11.94370742605915,1.2512921310839162,2.5025842621678325,0,317414,deepcsr_286650_CA_rh_pial_distanceMesh.vtk
deepcsr,263436,rh,pial,12.578695095572595,1.0386309721951827,2.0772619443903655,0,373810,deepcsr_263436_CA_rh_pial_distanceMesh.vtk
deepcsr,270332,rh,pial,14.01361277356067,1.2988529810582525,2.597705962116505,0,339781,deepcsr_270332_CA_rh_pial_distanceMesh.vtk
deepcsr,297655,rh,pial,9.406274586028514,0.9235459272485934,1.8470918544971868,0,323602,deepcsr_297655_CA_rh_pial_distanceMesh.vtk
deepcsr,257845,rh,pial,10.074910014685681,0.9228493131723852,1.8456986263447703,0,395658,deepcsr_257845_CA_rh_pial_distanceMesh.vtk
deepcsr,287248,rh,pial,10.640625142223666,1.10001817928131,2.20003635856262,0,328572,deepcsr_287248_CA_rh_pial_distanceMesh.vtk
deepcsr,283543,rh,pial,10.22689406535871,0.9844664417530935,1.968932883506187,0,367629,deepcsr_283543_CA_rh_pial_distanceMesh.vtk
deepcsr,290136,rh,pial,10.285965605095916,1.0234715054139643,2.0469430108279285,0,349557,deepcsr_290136_CA_rh_pial_distanceMesh.vtk
deepcsr,293748,rh,pial,10.586590818785034,0.8791979941173316,1.7583959882346631,0,333692,deepcsr_293748_CA_rh_pial_distanceMesh.vtk
deepcsr,299154,rh,pial,11.96756985494225,1.3266182248039926,2.653236449607985,0,323346,deepcsr_299154_CA_rh_pial_distanceMesh.vtk
deepcsr,285446,rh,pial,9.455033838906823,0.9536532002232545,1.907306400446509,0,388121,deepcsr_285446_CA_rh_pial_distanceMesh.vtk
deepcsr,256540,rh,white,5.875255712448028,0.4851371238663772,0.9702742477327544,0,390620,deepcsr_256540_CA_rh_white_distanceMesh.vtk
deepcsr,298455,rh,pial,12.392180122418797,0.9248953366986439,1.8497906733972878,0,360979,deepcsr_298455_CA_rh_pial_distanceMesh.vtk
deepcsr,298051,rh,pial,12.324125454489876,1.0262978091082358,2.0525956182164715,0,369985,deepcsr_298051_CA_rh_pial_distanceMesh.vtk
deepcsr,257542,rh,white,7.072978665106785,0.4755736183870703,0.9511472367741406,0,405207,deepcsr_257542_CA_rh_white_distanceMesh.vtk
deepcsr,255639,rh,white,6.565500938688207,0.48868266589321363,0.9773653317864273,0,388068,deepcsr_255639_CA_rh_white_distanceMesh.vtk
deepcsr,284646,rh,white,7.335011673600307,0.53609107811786,1.07218215623572,0,374130,deepcsr_284646_CA_rh_white_distanceMesh.vtk
deepcsr,280739,rh,white,5.6658632798955075,0.46782587697982103,0.9356517539596421,0,381027,deepcsr_280739_CA_rh_white_distanceMesh.vtk
deepcsr,251833,rh,white,6.641017353935949,0.5159762238270758,1.0319524476541515,0,408781,deepcsr_251833_CA_rh_white_distanceMesh.vtk
deepcsr,289555,rh,white,4.643307709968865,0.4387825482569472,0.8775650965138944,0,378639,deepcsr_289555_CA_rh_white_distanceMesh.vtk
deepcsr,268749,rh,white,7.460625269647485,0.5029690645544291,1.0059381291088583,0,436846,deepcsr_268749_CA_rh_white_distanceMesh.vtk
deepcsr,295146,rh,white,9.37593976078556,0.5007347271444331,1.0014694542888662,0,384600,deepcsr_295146_CA_rh_white_distanceMesh.vtk
deepcsr,280941,rh,white,6.182163875321153,0.47908779609063556,0.9581755921812711,0,394239,deepcsr_280941_CA_rh_white_distanceMesh.vtk
deepcsr,297655,rh,white,6.193704931104352,0.46512753410429286,0.9302550682085857,0,350367,deepcsr_297655_CA_rh_white_distanceMesh.vtk
deepcsr,268850,rh,white,6.790585513609647,0.454706714888639,0.909413429777278,0,408919,deepcsr_268850_CA_rh_white_distanceMesh.vtk
deepcsr,286650,rh,white,9.44959591995573,0.5027491897821864,1.0054983795643728,0,380819,deepcsr_286650_CA_rh_white_distanceMesh.vtk
deepcsr,275645,rh,white,5.020201029682672,0.45322524293582744,0.9064504858716549,0,401677,deepcsr_275645_CA_rh_white_distanceMesh.vtk
deepcsr,285345,rh,white,5.995169114783508,0.45349579937629075,0.9069915987525815,0,400260,deepcsr_285345_CA_rh_white_distanceMesh.vtk
deepcsr,263436,rh,white,7.649612034130462,0.5052050712375307,1.0104101424750613,0,416525,deepcsr_263436_CA_rh_white_distanceMesh.vtk
deepcsr,257845,rh,white,7.585626436276075,0.5063811231922064,1.0127622463844128,0,400132,deepcsr_257845_CA_rh_white_distanceMesh.vtk
deepcsr,270332,rh,white,7.4332895696679335,0.5518348389298792,1.1036696778597583,0,430834,deepcsr_270332_CA_rh_white_distanceMesh.vtk
deepcsr,287248,rh,white,8.704508002765284,0.5218750334058155,1.043750066811631,0,400416,deepcsr_287248_CA_rh_white_distanceMesh.vtk
deepcsr,293748,rh,white,9.465407530021034,0.4619444777159748,0.9238889554319496,0,367847,deepcsr_293748_CA_rh_white_distanceMesh.vtk
deepcsr,283543,rh,white,7.03548957427976,0.4879945630882623,0.9759891261765246,0,406171,deepcsr_283543_CA_rh_white_distanceMesh.vtk
deepcsr,290136,rh,white,9.43077613145509,0.5098365907443989,1.0196731814887978,0,399329,deepcsr_290136_CA_rh_white_distanceMesh.vtk
deepcsr,285446,rh,white,6.283439343741697,0.5314574431431468,1.0629148862862936,0,404456,deepcsr_285446_CA_rh_white_distanceMesh.vtk
deepcsr,299154,rh,white,6.417601070088384,0.4872964618233252,0.9745929236466504,0,435559,deepcsr_299154_CA_rh_white_distanceMesh.vtk
deepcsr,298455,rh,white,6.128401087637744,0.4851275166881725,0.970255033376345,0,393315,deepcsr_298455_CA_rh_white_distanceMesh.vtk
deepcsr,298051,rh,white,7.30516872199235,0.5219593286702694,1.0439186573405388,0,425178,deepcsr_298051_CA_rh_white_distanceMesh.vtk
